<?xml version="1.0" encoding="UTF-8"?>
<project-private xmlns="http://www.netbeans.org/ns/project-private/1">
    <editor-bookmarks xmlns="http://www.netbeans.org/ns/editor-bookmarks/2" lastBookmarkId="0"/>
    <open-files xmlns="http://www.netbeans.org/ns/projectui-open-files/2">
        <group>
            <file>file:/home/pedro/Escritorio/Facultad%20de%20Informatica%20PEDRO/AÑO%202/PDOO/PRACTICAS/P5/P5/QytetetRuby/lib/qytetet.rb</file>
            <file>file:/home/pedro/Escritorio/Facultad%20de%20Informatica%20PEDRO/AÑO%202/PDOO/PRACTICAS/P5/P5/QytetetRuby/lib/titulo_propiedad.rb</file>
            <file>file:/home/pedro/Escritorio/Facultad%20de%20Informatica%20PEDRO/AÑO%202/PDOO/PRACTICAS/P5/P5/QytetetRuby/lib/jugador.rb</file>
        </group>
    </open-files>
</project-private>
